{"episode_rewards": [-200.0], "episode_lengths": [200], "episode_types": ["t"], "timestamps": [1570311391.4441915], "initial_reset_timestamp": 1570311389.9548998}