{"episode_rewards": [-200.0], "episode_lengths": [200], "episode_types": ["t"], "timestamps": [1570310793.376727], "initial_reset_timestamp": 1570310791.6441765}