{"episode_types": ["t"], "timestamps": [1570309676.0067563], "episode_rewards": [200.0], "episode_lengths": [200], "initial_reset_timestamp": 1570309674.6831942}