{"episode_rewards": [-200.0], "episode_lengths": [200], "episode_types": ["t"], "timestamps": [1570310990.5433068], "initial_reset_timestamp": 1570310989.1264665}