{"episode_types": ["t"], "timestamps": [1570310044.3637874], "episode_rewards": [200.0], "episode_lengths": [200], "initial_reset_timestamp": 1570310043.0687153}