{"episode_rewards": [-200.0], "episode_lengths": [200], "episode_types": ["t"], "timestamps": [1570311190.583519], "initial_reset_timestamp": 1570311189.135689}