{"episode_types": ["t"], "timestamps": [1570309860.2936332], "episode_rewards": [200.0], "episode_lengths": [200], "initial_reset_timestamp": 1570309858.9759195}